customer_id,first_name,last_name,email
C001,Anita,Rao,anita.rao@example.com
C002,Rahul,Sharma,rahul.sharma@example.com
C003,Meera,Iyer,meera.iyer@example.com
C004,Vijay,Kumar,vijay.kumar@example.com
C005,Neha,Patel,neha.patel@example.com
